"mean","median","sd","lower","upper"
0.568222297609014,0.57492061246293,0.0352486867490863,0.524105472509723,0.630980643885712
-0.433646027120407,-0.433255857216105,0.0592862144826014,-0.50464328496702,-0.318898252367577
0.4128663032268,0.447953579206699,0.0726968616364807,0.25761572916617,0.479002603683944
0.407357626048653,0.403559728288352,0.0684514425315727,0.278047459131291,0.515297720561867
5.96191684083776,5.3416414255255,2.8170938129319,2.24069391463583,12.2792831753827
4.8655705057503,4.22464730782631,2.64666463341535,2.16065380832815,9.46351771732488
0.418535062230763,0.43549506716619,0.0595352902580295,0.326195102548115,0.478859635386606
0.409764222699766,0.420242702960965,0.0601755070512315,0.315233041610723,0.479156428797806
