"mean","median","sd","lower","upper"
0.59201041015712,0.57994335586164,0.0324735281620128,0.557890108167663,0.64791208912532
-0.402615828167855,-0.415095282559856,0.0559626370726834,-0.470511334326597,-0.278895967298123
0.364570056864079,0.368396296140469,0.0617400498106012,0.233834556550929,0.443222232698064
0.340289513758759,0.345908028677471,0.0560338339834238,0.228303172004409,0.441317615350609
4.97574885344332,4.51126864070032,1.67710966819349,3.31565856074224,8.56354897954736
5.83465015394675,5.02633264320033,3.5028273665754,2.74140491431654,15.0273065965939
0.417853798688256,0.438473236519755,0.0622460082785216,0.300606230309876,0.476483344391493
0.422493369578621,0.441050307661314,0.0564058274601629,0.30607561272857,0.471909146407351
