"mean","median","sd","lower","upper"
0.71378149851377,0.719120935163431,0.0217931442038559,0.673413931145066,0.745631254154546
-0.392228330744328,-0.408971918325378,0.0531899620475724,-0.457435146371112,-0.27042252779773
0.320862060084409,0.334781324269585,0.0779236375045508,0.160379368790779,0.401646899782154
0.226525054125839,0.20849036105773,0.0804341117746317,0.138739745472562,0.381983638497894
7.12805265242533,6.29014749574583,2.30427564628167,4.60683386043178,11.2843560877842
4.77659346628734,4.82477779504106,1.46980446941692,2.4175191289446,8.0045737582499
0.424243088857985,0.449570849508088,0.0641068125540993,0.309404124689861,0.485502420001593
0.427607971052815,0.448182828321209,0.0445729247900059,0.325860219450971,0.4645418999735
