"mean","median","sd","lower","upper"
0.706693157331197,0.707106142754953,0.0247680965358601,0.660407116915957,0.738322887030646
-0.452315760675495,-0.458995339180571,0.0466484264788788,-0.503155442753182,-0.350346983877049
0.381127030136873,0.395928100963469,0.051701955725754,0.272428979269247,0.434528336248685
0.296590054062911,0.302562469053711,0.0513416136316904,0.207337648485908,0.368923779155343
5.82850808969916,6.23244546854169,1.76860720008172,2.75611454388714,7.9319191279798
5.61749424654313,5.82647421252381,1.16411814642271,3.30142978021002,6.9048852584339
0.415810375015001,0.433724235288303,0.0514952717768376,0.31820497514889,0.470184805052068
0.43341718798229,0.442967740905528,0.0429706840155432,0.339964904387721,0.47621185544848
