"mean","median","sd","lower","upper"
0.510418321781942,0.509957373559388,0.0222907927035648,0.47105825761781,0.557731331052964
-0.486069839131374,-0.484620854379958,0.0349569716283529,-0.553181856005249,-0.421767683316536
0.488148771522242,0.486968264164872,0.0297564258556677,0.431381151370933,0.542320946135131
0.469537366636048,0.468710313570192,0.057530400514256,0.355927286323862,0.579839619549049
4.89499120054622,4.58755416174369,2.00299491210385,1.72398737444601,9.08180441184338
4.20877229628035,3.91437432491103,1.74088048991894,1.35720193061845,7.89018893358162
0.484061761813474,0.485326546121218,0.00546768759089191,0.472976300526107,0.489965123343477
0.483623314622907,0.485851632904505,0.00777899778822007,0.468721063024653,0.489995850911448
